MAE,RMSE,MAPE,NNSE,R2
0.056425104516876,0.0776324310537962,1.0,0.6851880254568224,0.5405465903562908
