MAE,RMSE,MAPE,NNSE,R2
0.05904897803600903,0.08107276439701375,0.18656542527118675,0.6774953338136706,0.5239750739375176
