MAE,RMSE,MAPE,NNSE,R2
0.06015741044916776,0.08270602922012306,0.18810739291610995,0.6687183847365868,0.5046022020257339
