MAE,RMSE,MAPE,NNSE,R2
0.05747476213048431,0.07892770749741329,1.0,0.6780060796570804,0.525086971925419
