MAE,RMSE,MAPE,NNSE,R2
0.06726453197016524,0.09298303365059049,0.21328849746773715,0.6149446396290802,0.37383735777715543
