MAE,RMSE,MAPE,NNSE,R2
0.06757882302906976,0.09324219438782033,1.0,0.6013965737925421,0.33720369623362645
