MAE,RMSE,MAPE,NNSE,R2
0.055376437566677886,0.07729405739845668,1.0,0.6870694540153477,0.5445430674354181
