MAE,RMSE,MAPE,NNSE,R2
0.05875612693222889,0.08331208784292836,0.182984313963402,0.6654755470284227,0.4973151839081932
