MAE,RMSE,MAPE,NNSE,R2
0.0559773285938025,0.07620514125653974,1.0,0.6931378781666295,0.5572855971382924
