MAE,RMSE,MAPE,NNSE,R2
0.05828690091790969,0.0802023268836263,0.18861138730557175,0.682194264065917,0.5341418820499272
