MAE,RMSE,MAPE,NNSE,R2
0.09287271487746808,0.11717250724798096,1.0,0.48860040777848723,-0.04666222966674605
