MAE,RMSE,MAPE,NNSE,R2
0.09709029310576861,0.12247967767590093,0.3348379058476747,0.47928410971948665,-0.08644513707177892
