MAE,RMSE,MAPE,NNSE,R2
0.04098457703934071,0.05486309693892366,1.0,0.8133621568659231,0.7705353739922732
