MAE,RMSE,MAPE,NNSE,R2
0.06097235592778078,0.08619993923107615,0.19070146481706776,0.650136729106885,0.46186201266657556
