MAE,RMSE,MAPE,NNSE,R2
0.0566163187355366,0.07758212027344559,1.0,0.6854676306989297,0.5411419077800059
