MAE,RMSE,MAPE,NNSE,R2
0.05832915230727324,0.08014797349774513,0.18386959952724347,0.6824881503317075,0.5347730953072618
