MAE,RMSE,MAPE,NNSE,R2
0.0661140923505504,0.09020333758457909,1.0,0.617170454690509,0.379702086514385
