MAE,RMSE,MAPE,NNSE,R2
0.06698900685935065,0.09164415916822995,0.2185552349938641,0.6217899792612119,0.3917399228785201
