MAE,RMSE,MAPE,NNSE,R2
0.055294371052421264,0.07636277077343281,1.0,0.6922581599812012,0.55545220293661
