MAE,RMSE,MAPE,NNSE,R2
0.05938388772792721,0.08379129271658153,0.18405767823143881,0.6629170936196981,0.4915157421273564
