MAE,RMSE,MAPE,NNSE,R2
0.05582746415808343,0.07665409443556266,1.0,0.690633412633429,0.5520538368004286
