MAE,RMSE,MAPE,NNSE,R2
0.05783163595897625,0.08005353556696812,0.18359312131664793,0.6829988997911987,0.5358687981697882
