MAE,RMSE,MAPE,NNSE,R2
0.05947379446859827,0.08195218735100501,0.18989271974043917,0.6727627333390138,0.5135918646431816
