MAE,RMSE,MAPE,NNSE,R2
0.05666488736562941,0.07822522975078824,1.0,0.6818970919815708,0.5335030582194851
