MAE,RMSE,MAPE,NNSE,R2
0.06092859178815992,0.08014054700799529,0.2065591627688007,0.6825283092051943,0.534859306913581
