MAE,RMSE,MAPE,NNSE,R2
0.0590246965847997,0.07669444942232431,1.0,0.6904084628063738,0.5515820650065646
