MAE,RMSE,MAPE,NNSE,R2
0.05557574073924007,0.07595561236748434,1.0,0.6945313238994957,0.5601801307024878
