MAE,RMSE,MAPE,NNSE,R2
0.057772579497816515,0.08051821789295188,0.18442497901949603,0.6804873309674144,0.5304649263956898
