AS,PS,NPV,RS,F1S
0.9881494986326345,0.9867617107942974,0.9867617107942974,0.9894991922455574,0.987985931214591
