AS,PS,NPV,RS,F1S
0.96,0.9615384615384616,0.9615384615384616,0.9615384615384616,0.9600000000000001
