AS,PS,NPV,RS,F1S
0.9954421148587056,0.9954842091025902,0.9954842091025902,0.9952464158008936,0.9953644426978352
