AS,PS,NPV,RS,F1S
0.9963636363636363,0.9962406015037594,0.9962406015037594,0.9965034965034965,0.9963588215822576
