AS,PS,NPV,RS,F1S
0.9981768459434822,0.998146220452748,0.998146220452748,0.998146220452748,0.998146220452748
