AS,PS,NPV,RS,F1S
0.9709090909090909,0.9707049857097492,0.9707049857097492,0.9711538461538461,0.9708778989727841
