AS,PS,NPV,RS,F1S
0.9790337283500455,0.9803831495848645,0.9803831495848645,0.9771327759039077,0.9786122321654871
