AS,PS,NPV,RS,F1S
0.9708295350957156,0.9690750028534789,0.9690750028534789,0.9722456925395935,0.9704458049611714
