AS,PS,NPV,RS,F1S
0.9490909090909091,0.9502276818807582,0.9502276818807582,0.9504662004662005,0.9490902359039457
