AS,PS,NPV,RS,F1S
0.9963536918869644,0.9962924409054961,0.9962924409054961,0.9962924409054961,0.9962924409054961
