AS,PS,NPV,RS,F1S
0.9890909090909091,0.9888888888888889,0.9888888888888889,0.9895104895104896,0.9890816691150196
