AS,PS,NPV,RS,F1S
0.9927272727272727,0.9925373134328358,0.9925373134328358,0.993006993006993,0.992719474743196
