AS,PS,NPV,RS,F1S
0.9927073837739289,0.9928229746004682,0.9928229746004682,0.9923466111490391,0.9925813214309867
