AS,PS,NPV,RS,F1S
0.9963636363636363,0.9965277777777778,0.9965277777777778,0.9962121212121212,0.9963566990368438
