AS,PS,NPV,RS,F1S
0.9636363636363636,0.9647887323943662,0.9647887323943662,0.965034965034965,0.9636358827885327
