AS,PS,NPV,RS,F1S
0.9781221513217867,0.9766903136872541,0.9766903136872541,0.979184269404695,0.9778153775632642
