AS,PS,NPV,RS,F1S
0.9744758432087511,0.9736463920655805,0.9736463920655805,0.974523627662379,0.9740714478660184
