AS,PS,NPV,RS,F1S
0.9345454545454546,0.9346239289114566,0.9346239289114566,0.9353146853146853,0.9345238095238095
