AS,PS,NPV,RS,F1S
0.9672727272727273,0.9680851063829787,0.9680851063829787,0.9685314685314685,0.9672709961518626
