AS,PS,NPV,RS,F1S
0.9863263445761167,0.984787018255578,0.984787018255578,0.9878836833602584,0.9861435429583851
