AS,PS,NPV,RS,F1S
0.8333333333333334,0.7560217560217559,0.8742028985507245,0.7857142857142857,0.7555555555555555
