AS,PS,NPV,RS,F1S
0.9859154929577465,0.9776855215360665,0.9886363636363636,0.9824561403508771,0.9796293878419483
