AS,PS,NPV,RS,F1S
0.9859154929577465,0.9791666666666666,0.9886363636363636,0.9824561403508771,0.980238302818948
