AS,PS,NPV,RS,F1S
0.9259259259259259,0.8888888888888888,0.9487179487179488,0.9047619047619048,0.8777777777777778
