AS,PS,NPV,RS,F1S
0.9074074074074074,0.8564102564102564,0.927536231884058,0.8809523809523809,0.8641975308641975
