AS,PS,NPV,RS,F1S
0.9859154929577465,0.9785101303393985,0.9888116358986654,0.980896686159844,0.97962780873302
