AS,PS,NPV,RS,F1S
0.9259259259259259,0.8813131313131312,0.9438405797101449,0.9047619047619048,0.8837406907582346
