AS,PS,NPV,RS,F1S
0.9953051643192489,0.9927536231884058,0.9961240310077519,0.9941520467836257,0.9933871438296217
