AS,PS,NPV,RS,F1S
0.9814814814814815,0.9629629629629629,0.9855072463768115,0.9761904761904763,0.9680464778503994
