AS,PS,NPV,RS,F1S
0.9259259259259259,0.8817460317460318,0.9431818181818182,0.9047619047619048,0.8878713878713879
