AS,PS,NPV,RS,F1S
0.9444444444444443,0.9076923076923077,0.9565217391304347,0.9285714285714285,0.9135802469135803
