AS,PS,NPV,RS,F1S
0.9444444444444443,0.9111111111111111,0.96,0.9285714285714285,0.9114687100893998
