AS,PS,NPV,RS,F1S
0.9444444444444443,0.9138888888888889,0.9577294685990339,0.9107142857142857,0.9115048957002981
