AS,PS,NPV,RS,F1S
0.9953051643192489,0.991869918699187,0.9961240310077519,0.9941520467836257,0.9929349211551767
