AS,PS,NPV,RS,F1S
0.9629629629629629,0.9391534391534391,0.9703557312252965,0.9523809523809524,0.9442369540408757
