AS,PS,NPV,RS,F1S
0.9953051643192489,0.9942528735632185,0.9967637540453075,0.9916666666666667,0.9928820399926619
