AS,PS,NPV,RS,F1S
0.8888888888888888,0.8376623376623377,0.9145454545454546,0.8571428571428571,0.8359398496240602
