AS,PS,NPV,RS,F1S
0.9027777777777778,0.9030448020878643,0.9030448020878643,0.9006399169837427,0.9016628005289743
