AS,PS,NPV,RS,F1S
0.7592592592592593,0.7537931034482759,0.7537931034482759,0.7613636363636364,0.7551447506103943
