AS,PS,NPV,RS,F1S
0.7592592592592593,0.760731319554849,0.760731319554849,0.7329545454545454,0.7391304347826086
