AS,PS,NPV,RS,F1S
0.8981481481481481,0.9080086580086579,0.9080086580086579,0.8912141127637496,0.8955604395604395
