AS,PS,NPV,RS,F1S
0.9027777777777778,0.9092488639401229,0.9092488639401229,0.8971809062608094,0.9007331217857534
