AS,PS,NPV,RS,F1S
0.9398148148148148,0.950381679389313,0.950381679389313,0.9336734693877551,0.9383764566462571
