AS,PS,NPV,RS,F1S
0.7222222222222222,0.7121212121212122,0.7121212121212122,0.7088068181818181,0.7101967799642217
