AS,PS,NPV,RS,F1S
0.875,0.8758195646472593,0.8758195646472593,0.8717571774472501,0.8733027742173752
