AS,PS,NPV,RS,F1S
0.9120370370370371,0.9150329670329671,0.9150329670329671,0.9082497405741958,0.9106407995296885
