AS,PS,NPV,RS,F1S
0.7777777777777778,0.7698863636363636,0.7698863636363636,0.7698863636363636,0.7698863636363636
