AS,PS,NPV,RS,F1S
0.7777777777777778,0.7747252747252746,0.7747252747252746,0.7840909090909092,0.775
