AS,PS,NPV,RS,F1S
0.9305555555555556,0.938118150227212,0.938118150227212,0.9251988931165687,0.9290950869898238
