AS,PS,NPV,RS,F1S
0.8981481481481481,0.9015873015873016,0.9015873015873016,0.8938083708059495,0.896407394489013
