AS,PS,NPV,RS,F1S
0.8518518518518519,0.8514705882352941,0.8514705882352941,0.8394886363636364,0.8441558441558441
