AS,PS,NPV,RS,F1S
0.9166666666666666,0.9206349206349207,0.9206349206349207,0.912487028709789,0.9152424136728288
