AS,PS,NPV,RS,F1S
0.7222222222222222,0.7135338345864661,0.7135338345864661,0.7017045454545454,0.7051328722242447
