AS,PS,NPV,RS,F1S
0.7037037037037037,0.7074175824175823,0.7074175824175823,0.7144886363636364,0.7020689655172414
