AS,PS,NPV,RS,F1S
0.8981481481481481,0.8979166666666667,0.8979166666666667,0.8964026288481495,0.8970804816772069
