AS,PS,NPV,RS,F1S
0.7407407407407407,0.7333333333333334,0.7333333333333334,0.7386363636363636,0.7349228611500702
