AS,PS,NPV,RS,F1S
0.9120370370370371,0.9124401913875597,0.9124401913875597,0.9099792459356624,0.9110282480976435
