AS,PS,NPV,RS,F1S
0.7962962962962963,0.7900432900432901,0.7900432900432901,0.7855113636363636,0.7874776386404294
