AS,PS,NPV,RS,F1S
0.875,0.8785720605149075,0.8785720605149075,0.8700276720857835,0.8727054458146895
