AS,PS,NPV,RS,F1S
0.9074074074074074,0.9066067104808024,0.9066067104808024,0.9066067104808024,0.9066067104808024
