AS,PS,NPV,RS,F1S
0.7407407407407407,0.7541666666666667,0.7541666666666667,0.7599431818181819,0.7403846153846154
