AS,PS,NPV,RS,F1S
0.9824561403508771,0.9782608695652174,0.9782608695652174,0.9857142857142858,0.9816425120772947
