AS,PS,NPV,RS,F1S
0.9823788546255506,0.9835557523243311,0.9835557523243311,0.9785516075862213,0.9809583726538743
