AS,PS,NPV,RS,F1S
0.9779735682819384,0.9787700546033352,0.9787700546033352,0.9738154353314277,0.976197965817343
