AS,PS,NPV,RS,F1S
0.973568281938326,0.9705180110038409,0.9705180110038409,0.9728348181685409,0.9716533466533467
