AS,PS,NPV,RS,F1S
0.9889867841409692,0.9900546677880572,0.9900546677880572,0.9862817918170628,0.9881143742767833
