AS,PS,NPV,RS,F1S
0.9473684210526315,0.9403409090909092,0.9403409090909092,0.952922077922078,0.9453324808184144
