AS,PS,NPV,RS,F1S
0.9757709251101322,0.975735912531539,0.975735912531539,0.9720732750526822,0.9738516234089232
