AS,PS,NPV,RS,F1S
0.9801762114537445,0.9792712516733602,0.9792712516733602,0.9780612990047779,0.9786603995299648
