AS,PS,NPV,RS,F1S
0.9757709251101322,0.9745230923694779,0.9745230923694779,0.9733251267499844,0.9739182660921791
