AS,PS,NPV,RS,F1S
0.9757709251101322,0.9799435511460828,0.9799435511460828,0.9683177199607753,0.9736429608127721
