AS,PS,NPV,RS,F1S
0.9736842105263158,0.9705314009661836,0.9705314009661836,0.9743506493506493,0.9723547005092557
