AS,PS,NPV,RS,F1S
0.9713656387665198,0.9697749330655957,0.9697749330655957,0.9685889544951908,0.9691761326543935
