AS,PS,NPV,RS,F1S
0.9824561403508771,0.9814935064935065,0.9814935064935065,0.9814935064935065,0.9814935064935065
