AS,PS,NPV,RS,F1S
0.9449339207048458,0.957818100358423,0.957818100358423,0.9264015522961047,0.9388690505043977
