AS,PS,NPV,RS,F1S
0.9912280701754386,0.9888888888888889,0.9888888888888889,0.9928571428571429,0.9907849001697518
