MAE,RMSE,MAPE,NNSE,R2
0.06198861773425754,0.08313018798164913,0.23030404763761117,0.9164157338762391,0.9087921965610328
