MAE,RMSE,MAPE,NNSE,R2
0.060046195382734445,0.08198273009825567,1.0,0.916074287693143,0.9083854732805582
