MAE,RMSE,MAPE,NNSE,R2
0.060931266681213486,0.08393887083962588,1.0,0.9123766235653935,0.9039613968931042
