MAE,RMSE,MAPE,NNSE,R2
0.06352178937822872,0.0854117498488229,0.19933281550171633,0.9121732074802282,0.9037169785304447
