MAE,RMSE,MAPE,NNSE,R2
0.07931176803143974,0.10945484816808282,1.0,0.8596225373829657,0.8366987177367414
