MAE,RMSE,MAPE,NNSE,R2
0.08263576259149698,0.11162976899007042,0.3573279528846753,0.8587631776525283,0.8355346083497087
