MAE,RMSE,MAPE,NNSE,R2
0.016710305329627178,0.025871219313018463,1.0,0.9909591526296838,0.9908766699956051
