MAE,RMSE,MAPE,NNSE,R2
0.02038644466835416,0.029815810009713322,0.05457770441486365,0.9884031030903837,0.9882670371295307
