MAE,RMSE,MAPE,NNSE,R2
0.06561777660174468,0.08663523799196352,0.2955354679341058,0.9098674334539236,0.9009387925844027
