MAE,RMSE,MAPE,NNSE,R2
0.062392025177702995,0.08437417236183338,1.0,0.9115460457857142,0.9029627141456773
