MAE,RMSE,MAPE,NNSE,R2
0.12386683979940838,0.1688251536323287,1.0,0.7202003232982638,0.6114974297423914
