MAE,RMSE,MAPE,NNSE,R2
0.11504730204602452,0.15942339607213127,0.6725446962317164,0.7488152518056671,0.6645571152715777
