MAE,RMSE,MAPE,NNSE,R2
0.005508836836096924,0.007736893013647134,1.0,0.9991847354418586,0.9991840702432458
