MAE,RMSE,MAPE,NNSE,R2
0.009054404182140303,0.012156336929846814,0.03512177718840021,0.9980534134726876,0.9980496168831895
