MAE,RMSE,MAPE,NNSE,R2
0.06188467889805536,0.08395290462368357,1.0,0.9123498898466905,0.9039292807192227
