MAE,RMSE,MAPE,NNSE,R2
0.06464415644899017,0.08587652705899151,0.24183641820751706,0.911299782687432,0.9026662586805516
