MAE,RMSE,MAPE,NNSE,R2
0.06493038181330696,0.09063521010141155,0.20070601826261808,0.9021853035597047,0.8915802595604772
