MAE,RMSE,MAPE,NNSE,R2
0.0592034881416785,0.08498337294867135,1.0,0.9103790069766137,0.901556393176267
