MAE,RMSE,MAPE,NNSE,R2
0.026002754218702465,0.03458922073059599,0.10552669233686546,0.9844549587769638,0.9842094947214766
