MAE,RMSE,MAPE,NNSE,R2
0.02218252786709571,0.029084583430864584,1.0,0.9886010109824107,0.9884695758036283
