MAE,RMSE,MAPE,NNSE,R2
0.059549705872552004,0.08207960726246957,1.0,0.9158925164801054,0.9081688276664486
