MAE,RMSE,MAPE,NNSE,R2
0.06239534818864634,0.08404023329556558,0.22002677711372315,0.9147325808156249,0.9067843203875541
