MAE,RMSE,MAPE,NNSE,R2
0.055822619375797806,0.07603011948921048,1.0,0.926961377394901,0.9212064014896024
