MAE,RMSE,MAPE,NNSE,R2
0.058005547501140696,0.0775903754022605,0.2935112397315192,0.9263920068967219,0.9205433633329219
