MAE,RMSE,MAPE,NNSE,R2
0.0615717805250087,0.07201039655510073,0.2847437814462124,0.9359447004838148,0.9315608075102373
