MAE,RMSE,MAPE,NNSE,R2
0.059058851003371875,0.06949936050926717,1.0,0.9382282758344828,0.9341613062017599
