MAE,RMSE,MAPE,NNSE,R2
0.0607107569037652,0.08212218509207192,0.228382755913764,0.9182657899655011,0.9109906838219797
