MAE,RMSE,MAPE,NNSE,R2
0.05858780538820349,0.08048975094094214,1.0,0.9188574078769968,0.9116918561820362
