MAE,RMSE,MAPE,NNSE,R2
0.07888299495628387,0.09862692597173159,0.25674108886396513,0.8043546176567101,0.7567672540834605
