MAE,RMSE,MAPE,NNSE,R2
0.08214680000550066,0.10814909110352534,1.0,0.7903399144636205,0.7347216283785067
