MAE,RMSE,MAPE,NNSE,R2
0.08326636725536309,0.1093655133936012,1.0,0.7866091161001892,0.7287205556963932
