MAE,RMSE,MAPE,NNSE,R2
0.08033902740432543,0.10070507746773953,0.26429640492375395,0.7977083628291418,0.7464090304213267
