MAE,RMSE,MAPE,NNSE,R2
0.11206648544691576,0.14091146987278438,1.0,0.689489425217792,0.5496514327480431
