MAE,RMSE,MAPE,NNSE,R2
0.10494538697731241,0.12793709021859848,0.4042932089572754,0.7095805545207713,0.590716735923846
