MAE,RMSE,MAPE,NNSE,R2
0.06883008707379498,0.08959746025917911,1.0,0.8459708579487505,0.8179261843313039
