MAE,RMSE,MAPE,NNSE,R2
0.09295849141757648,0.12019349437264294,0.27396940711627504,0.7346255978866766,0.6387623806239051
