MAE,RMSE,MAPE,NNSE,R2
0.08668951109934414,0.11331120660395018,1.0,0.7744691541480672,0.7087929911165776
