MAE,RMSE,MAPE,NNSE,R2
0.08034303007559257,0.10342115480053127,0.2524446806709928,0.7889829941506589,0.7325455587588411
