MAE,RMSE,MAPE,NNSE,R2
0.1532408237060169,0.19517992345609986,1.0,0.536473449615767,0.13597485445697277
