MAE,RMSE,MAPE,NNSE,R2
0.1427775738994249,0.1812061296798075,0.5914426142014515,0.5491296300339823,0.17893636528388357
