MAE,RMSE,MAPE,NNSE,R2
0.04310055529084622,0.06377537241303582,0.1241313740460531,0.9076850116534904,0.898296229241085
