MAE,RMSE,MAPE,NNSE,R2
0.02111410126861451,0.0308114411126703,1.0,0.9789220566794786,0.9784682108481464
