MAE,RMSE,MAPE,NNSE,R2
0.08408622659343172,0.11117000855856088,1.0,0.7810636789491626,0.7196946587691893
