MAE,RMSE,MAPE,NNSE,R2
0.07955819710783289,0.1017062633216477,0.2535603872318863,0.7944967965424847,0.7413416840044789
