MAE,RMSE,MAPE,NNSE,R2
0.10749707247408369,0.1307726535544955,0.43896953162253116,0.7004631715351989,0.5723731944274688
