MAE,RMSE,MAPE,NNSE,R2
0.11213545635688477,0.13925792205816517,1.0,0.6945210303444713,0.5601587910102361
