MAE,RMSE,MAPE,NNSE,R2
0.06399001809005098,0.079430212656946,1.0,0.8748171501699492,0.8569039829572024
