MAE,RMSE,MAPE,NNSE,R2
0.07480427343944009,0.09296824840147835,0.2776498919028764,0.8222854617665852,0.7838773193780957
