MAE,RMSE,MAPE,NNSE,R2
0.08161720104158156,0.10763061932110586,1.0,0.791928064305003,0.7372590452674497
