MAE,RMSE,MAPE,NNSE,R2
0.07952629378509271,0.09916918793029209,0.2535009290714715,0.8026231388635218,0.7540852592214635
