MAE,RMSE,MAPE,NNSE,R2
0.07942952640611722,0.10482265727677526,1.0,0.8005055667752942,0.7507894491872973
