MAE,RMSE,MAPE,NNSE,R2
0.0768211737519536,0.09774322624623497,0.23856151909649492,0.8071718639730259,0.7611064698441743
