MAE,RMSE,MAPE,NNSE,R2
0.07243611601099523,0.08847675691259221,0.25848710837181743,0.8362990995627436,0.8042555581814607
