MAE,RMSE,MAPE,NNSE,R2
0.06428589352423486,0.07873057918803605,1.0,0.876742078844931,0.8594137042932217
