MAE,RMSE,MAPE,NNSE,R2
0.07903610971265065,0.09964885388066062,0.2483040082750298,0.8010898688351102,0.7517006032617399
