MAE,RMSE,MAPE,NNSE,R2
0.08138818461791594,0.10754224579594478,1.0,0.7921986380184382,0.7376903316807706
