AS,PS,NPV,RS,F1S
0.9944444444444445,0.9922480620155039,0.9957805907172995,0.9920634920634921,0.9920623671155209
