AS,PS,NPV,RS,F1S
0.9888888888888889,0.9848484848484849,0.9918590220898486,0.9828042328042329,0.9835371620777246
