AS,PS,NPV,RS,F1S
0.9,0.865012285012285,0.9261974004391952,0.8558201058201059,0.8544173118919992
