AS,PS,NPV,RS,F1S
0.9888888888888889,0.9841269841269842,0.9914529914529915,0.9841269841269842,0.9841269841269842
