AS,PS,NPV,RS,F1S
0.9777777777777779,0.9629629629629629,0.9855072463768115,0.9583333333333334,0.9581699346405229
