AS,PS,NPV,RS,F1S
0.9833333333333334,0.9763660427301947,0.9872321771055947,0.9761904761904762,0.9761871013465627
