AS,PS,NPV,RS,F1S
0.9333333333333335,0.8888888888888888,0.947089947089947,0.9107142857142857,0.8959276018099548
