AS,PS,NPV,RS,F1S
0.9333333333333332,0.9190705128205128,0.9534313725490197,0.9047619047619048,0.9033927544565842
