AS,PS,NPV,RS,F1S
0.9555555555555556,0.9333333333333332,0.9722222222222222,0.9166666666666666,0.9153439153439153
