AS,PS,NPV,RS,F1S
0.9555555555555556,0.9166666666666666,0.9696969696969697,0.9166666666666666,0.9166666666666666
