AS,PS,NPV,RS,F1S
0.9500000000000001,0.9299145299145298,0.9619753086419753,0.9285714285714285,0.9284802043422733
