MAE,RMSE,MAPE,NNSE,R2
0.028402342958013936,0.05543899060681387,1.0,0.7324176265590355,0.6346587469527586
