MAE,RMSE,MAPE,NNSE,R2
0.029025414435038564,0.05263112569790064,27573.90399329706,0.7244938815665423,0.6197260937004152
