MAE,RMSE,MAPE,NNSE,R2
0.029614292195262414,0.052199579831775464,46060.20663510931,0.7277684541873249,0.6259365952916067
