MAE,RMSE,MAPE,NNSE,R2
0.029006145166342392,0.05547326274349256,1.0,0.7321753213953914,0.6342069026661756
