MAE,RMSE,MAPE,NNSE,R2
0.030204277244470407,0.05356826107180669,30843.40802890715,0.7173927549421075,0.6060634246568346
