MAE,RMSE,MAPE,NNSE,R2
0.029389550498144967,0.05713088558303373,1.0,0.7204711710564338,0.612019411500268
