MAE,RMSE,MAPE,NNSE,R2
0.02923461198936195,0.05587920810159359,18058.546922063935,0.6999572149148674,0.5713412495910547
