MAE,RMSE,MAPE,NNSE,R2
0.02079619607552406,0.0374618477736858,1.0,0.8570306821609155,0.8331806307347107
