MAE,RMSE,MAPE,NNSE,R2
0.02881683559306133,0.0584153839574613,1.0,0.7114283209843636,0.5943770152186858
