MAE,RMSE,MAPE,NNSE,R2
0.029194072369684156,0.05381552246866448,7822.470091712345,0.7155217022199132,0.6024183516761406
