MAE,RMSE,MAPE,NNSE,R2
0.049119150955786575,0.08799221338007826,1.0,0.5207363652967023,0.07964247046540407
