MAE,RMSE,MAPE,NNSE,R2
0.047721067404450104,0.07181500000143361,253890.3554299272,0.5854754666873205,0.291986501743444
