MAE,RMSE,MAPE,NNSE,R2
0.030104090475156678,0.05681546495319405,45787.796597813554,0.6929318061930184,0.5568565462537786
