MAE,RMSE,MAPE,NNSE,R2
0.01548938813181335,0.02443306394729614,1.0,0.9337402164333457,0.9290383102274956
