MAE,RMSE,MAPE,NNSE,R2
0.029653807406896236,0.05277948958858871,27705.34701180983,0.7233687113909029,0.6175791346059372
