MAE,RMSE,MAPE,NNSE,R2
0.028859633804048244,0.05598479862126056,1.0,0.7285600897227168,0.6274296189068074
