MAE,RMSE,MAPE,NNSE,R2
0.03750112667090121,0.07141784501546684,1.0,0.6225519607865398,0.39370837618664367
