MAE,RMSE,MAPE,NNSE,R2
0.03743502786777894,0.06587185745419276,87769.14216876276,0.6266931412410216,0.404322731185904
