MAE,RMSE,MAPE,NNSE,R2
0.025835740407184907,0.04574934260382745,17591.41177779619,0.7768016167577642,0.7126700325704427
