MAE,RMSE,MAPE,NNSE,R2
0.021490952871313085,0.03730670251915296,1.0,0.858044667810223,0.8345595077794088
