MAE,RMSE,MAPE,NNSE,R2
0.028170760376627354,0.05549385101508533,1.0,0.7320297667428252,0.6339353323710981
