MAE,RMSE,MAPE,NNSE,R2
0.028691350425413938,0.05268345366032812,20546.193066722917,0.7240969962810264,0.6189695508529718
