MAE,RMSE,MAPE,NNSE,R2
0.028649868848088574,0.05188545686260471,17607.6319211661,0.7301535544043003,0.6304250743313091
