MAE,RMSE,MAPE,NNSE,R2
0.0282828488709582,0.0551125833264018,1.0,0.7347258452694907,0.6389481104571608
