MAE,RMSE,MAPE,NNSE,R2
0.08102282640600837,0.08906662655625744,1.0,0.5146758614259594,0.0570295307236619
