MAE,RMSE,MAPE,NNSE,R2
0.0777814199851031,0.08570828190187732,350313.61403300235,0.4978949968077302,-0.008455610945143466
