MAE,RMSE,MAPE,NNSE,R2
0.028470598241828484,0.05197088963907428,10790.678431817643,0.7295047540184084,0.629207014085112
