MAE,RMSE,MAPE,NNSE,R2
0.028123221363037677,0.05531055193125927,1.0,0.7333257849252951,0.6363495999232164
