MAE,RMSE,MAPE,NNSE,R2
0.04828317857204127,0.06951740548670175,0.35079961085896766,0.7418770255398882,0.6520677072156706
