MAE,RMSE,MAPE,NNSE,R2
0.05276093220884348,0.07976736416267054,1.0,0.7099339284824624,0.5914182153012804
