MAE,RMSE,MAPE,NNSE,R2
0.048477042197681716,0.06949774360526828,0.3558250026684599,0.7419853488900999,0.6522644935026658
