MAE,RMSE,MAPE,NNSE,R2
0.05262189672318064,0.08046587003285761,1.0,0.7063299950661565,0.5842311568456926
