MAE,RMSE,MAPE,NNSE,R2
0.06343908741502532,0.08971536104241053,1.0,0.6592622015409092,0.48315283712204904
