MAE,RMSE,MAPE,NNSE,R2
0.05837830010613071,0.07289463905096781,0.2873473209851257,0.7232962606140019,0.6174406609663569
