MAE,RMSE,MAPE,NNSE,R2
0.03957056504704119,0.055661802340610855,0.198884857615008,0.8176212177964456,0.7769397635067744
