MAE,RMSE,MAPE,NNSE,R2
0.03506368564694786,0.04715514663505387,1.0,0.8750541976949163,0.8572136415844662
