MAE,RMSE,MAPE,NNSE,R2
0.0568848118775398,0.07689396997429704,0.32668976406929395,0.7014153572553584,0.5743112270695004
