MAE,RMSE,MAPE,NNSE,R2
0.06287176242560209,0.08851874071961738,1.0,0.6652688338690784,0.496848267813497
