MAE,RMSE,MAPE,NNSE,R2
0.0791713285127156,0.11161680412749715,1.0,0.5555568643027072,0.20000424033078246
