MAE,RMSE,MAPE,NNSE,R2
0.08272032649676825,0.1062595353193453,0.6097477288145071,0.5515987999700027,0.18708815165228354
