MAE,RMSE,MAPE,NNSE,R2
0.04349570699260083,0.06098030530048862,0.1948229800329842,0.7888154181081128,0.7322763005845015
