MAE,RMSE,MAPE,NNSE,R2
0.01140347997937718,0.016894676436254155,1.0,0.982001332557232,0.98167144295426
