MAE,RMSE,MAPE,NNSE,R2
0.04732884950712896,0.06674806796739328,0.3436410950987379,0.7571377865451329,0.6792364378443418
