MAE,RMSE,MAPE,NNSE,R2
0.051309825068317196,0.07753594522865441,1.0,0.7214787971332952,0.6139578820980276
