MAE,RMSE,MAPE,NNSE,R2
0.07036165129180065,0.10358324471137596,1.0,0.5920728078972144,0.3110185324140017
