MAE,RMSE,MAPE,NNSE,R2
0.06246448629588325,0.08788418250800593,0.35533081141048073,0.642644823740128,0.4439305148680711
