MAE,RMSE,MAPE,NNSE,R2
0.03454918543561782,0.0475922090700645,1.0,0.8730227781578236,0.8545545144765722
