MAE,RMSE,MAPE,NNSE,R2
0.03588401121186169,0.05189827931978455,0.19033960593042332,0.8375798936789935,0.8060840433888751
