MAE,RMSE,MAPE,NNSE,R2
0.04946313878012584,0.07593479931023128,1.0,0.7297869542127634,0.6297370839155091
