MAE,RMSE,MAPE,NNSE,R2
0.04479722992629056,0.06181195894237569,0.296936893678909,0.7842669991430464,0.7249240359562739
