MAE,RMSE,MAPE,NNSE,R2
0.04860560118784315,0.07453332763670589,1.0,0.7370708324709324,0.6432782902999534
