MAE,RMSE,MAPE,NNSE,R2
0.04460383200568686,0.060707337545387575,0.27202307293159345,0.7903062760977345,0.7346677734388467
