MAE,RMSE,MAPE,NNSE,R2
0.053233182798437195,0.07497446413000333,1.0,0.7347771663004644,0.6390431740892164
