MAE,RMSE,MAPE,NNSE,R2
0.049905809058089744,0.06210062359418312,0.33971823681736213,0.7826862306265421,0.722348802278663
