MAE,RMSE,MAPE,NNSE,R2
0.047948520847407666,0.07092837818624069,0.3773408116148391,0.7341069329672467,0.6378006321803578
