MAE,RMSE,MAPE,NNSE,R2
0.0511523284749874,0.07731372666503906,1.0,0.722630814943781,0.6161675099922251
